_id,disease_name,affected_crops[0],affected_crops[1],outbreak_season,preventive_measures,historical_occurrences.2019[0],historical_occurrences.2019[1],historical_occurrences.2020[0],historical_occurrences.2020[1],historical_occurrences.2018[0],historical_occurrences.2021[0],historical_occurrences.2021[1]
66fd159168a6d76dd74156b6,Rice Blast,Rice,,Kharif,"Use resistant varieties, ensure good drainage, apply fungicide",Assam,Bihar,West Bengal,Punjab,,,
66fd159168a6d76dd74156b7,Panama Disease,Banana,,All Year,"Use disease-free planting materials, practice crop rotation",,,Maharashtra,Kerala,Tamil Nadu,,
66fd159168a6d76dd74156b8,Fusarium Wilt,Chickpea,,Rabi,"Rotate crops, apply bio-fungicides, remove infected plants",,,Uttar Pradesh,,,Rajasthan,Madhya Pradesh
66fd159168a6d76dd74156b9,Root Rot,Blackgram,,Kharif,"Use well-drained soil, apply fungicides",Andhra Pradesh,Telangana,,,,Odisha,
66fd159168a6d76dd74156ba,Cotton Leaf Spot,Cotton,,Kharif,"Use resistant varieties, timely spraying of fungicides",Andhra Pradesh,,Gujarat,Maharashtra,,,
66fd159168a6d76dd74156bb,Leaf Rust,Wheat,,Rabi,"Use resistant varieties, fungicide application",,,Rajasthan,,,Punjab,Haryana
66fd159168a6d76dd74156bc,Coconut Mite,Coconut,,All Year,"Spray sulfur, maintain clean cultivation",Karnataka,,Kerala,Tamil Nadu,,,
66fd159168a6d76dd74156bd,Late Blight,Potato,,Kharif,"Plant resistant varieties, apply fungicides",,,Uttar Pradesh,,,Himachal Pradesh,
66fd159168a6d76dd74156be,Bacterial Blight,Beans,,Kharif,"Use resistant varieties, crop rotation",,,Maharashtra,,,Karnataka,
66fd159168a6d76dd74156bf,Downy Mildew,Grapes,,Monsoon,"Apply copper-based fungicides, ensure proper spacing",Karnataka,,Maharashtra,,,,
66fd159168a6d76dd74156c0,Tomato Blight,Tomato,,Kharif,"Use resistant varieties, apply fungicides",,,Maharashtra,,,Punjab,
66fd159168a6d76dd74156c1,Aphid Infestation,Various Fruits,,Summer,"Use insecticidal soap, introduce beneficial insects",,,Haryana,,,Uttar Pradesh,
66fd159168a6d76dd74156c2,Powdery Mildew,Cucumber,Squash,Summer,"Use resistant varieties, improve air circulation",Uttarakhand,,Himachal Pradesh,,,,
66fd159168a6d76dd74156c3,Cabbage Worm,Cabbage,Cauliflower,Kharif,"Use row covers, introduce natural predators",,,Punjab,,,Maharashtra,
66fd159168a6d76dd74156c4,Downy Mildew,Lettuce,,Monsoon,"Ensure proper spacing, apply fungicides",,,Karnataka,,,Kerala,
66fd159168a6d76dd74156c5,Whitefly,Cotton,,All Year,"Use yellow sticky traps, release natural enemies",,,Tamil Nadu,,,Gujarat,
66fd159168a6d76dd74156c6,Stem Rust,Wheat,,Rabi,"Use resistant varieties, proper irrigation",Rajasthan,,Haryana,,,,
66fd159168a6d76dd74156c7,Leaf Spot,Peas,,Kharif,"Rotate crops, avoid overhead watering",,,Uttarakhand,,,Punjab,
66fd159168a6d76dd74156c8,Charcoal Rot,Soybean,,Kharif,"Ensure proper drainage, crop rotation",,,Gujarat,,,Madhya Pradesh,
66fd159168a6d76dd74156c9,Anthracnose,Papaya,,All Year,"Prune infected areas, apply fungicides",Kerala,,Karnataka,,,,
66fd159168a6d76dd74156ca,Fungal Wilt,Okra,,Kharif,"Rotate crops, improve soil health",,,Tamil Nadu,,,Andhra Pradesh,
66fd159168a6d76dd74156cb,Mosaic Virus,Tobacco,,All Year,"Use virus-free seeds, remove infected plants",Maharashtra,,Karnataka,,,,
66fd159168a6d76dd74156cc,Downy Mildew,Spinach,,Monsoon,"Apply fungicides, ensure good air circulation",,,Uttar Pradesh,,,Himachal Pradesh,
66fd159168a6d76dd74156cd,Sudden Oak Death,Oak,,All Year,"Avoid wounding trees, apply fungicides",Oregon,,California,,,,
66fd159168a6d76dd74156ce,Tomato Mosaic Virus,Tomato,,All Year,"Use resistant varieties, eliminate infected plants",,,Florida,,California,,
66fd159168a6d76dd74156cf,Root Knot Nematode,Various Vegetables,,All Year,"Rotate crops, use resistant varieties",,,Arizona,,,Texas,
66fd159168a6d76dd74156d0,Sclerotinia Rot,Lettuce,,Kharif,"Crop rotation, improve drainage",,,New York,,,California,
66fd159168a6d76dd74156d1,Powdery Mildew,Grapes,,Summer,"Apply fungicides, avoid overhead watering",,,New York,,,Oregon,
66fd159168a6d76dd74156d2,Thrips Infestation,Various Fruits,,Summer,"Use insecticidal soap, introduce natural predators",,,Florida,,,Texas,
66fd159168a6d76dd74156d3,Red Spider Mite,Strawberry,,Summer,"Use neem oil, keep plants healthy",Florida,,California,,,,
66fd159168a6d76dd74156d4,Fire Blight,Apple,Pear,Spring,"Prune affected areas, apply antibiotics",,,Oregon,,,Washington,
66fd159168a6d76dd74156d5,Cucumber Beetle,Cucumber,,Kharif,"Use row covers, apply insecticides",,,California,,,Ohio,
66fd159168a6d76dd74156d6,Late Blight,Tomato,,Kharif,"Use resistant varieties, apply fungicides",,,New Jersey,,,Pennsylvania,
66fd159168a6d76dd74156d7,Bean Rust,Beans,,Rabi,"Rotate crops, use resistant varieties",,,South Dakota,,,North Dakota,
66fd159168a6d76dd74156d8,Charcoal Rot,Sorghum,,Kharif,"Ensure proper drainage, rotate crops",Oklahoma,,Texas,,,,
66fd159168a6d76dd74156d9,White Mold,Beans,Peas,Kharif,"Apply fungicides, avoid excessive moisture",,,Wisconsin,,,Michigan,
66fd159168a6d76dd74156da,Fusarium Head Blight,Barley,Wheat,Rabi,"Use resistant varieties, proper crop rotation",Minnesota,,North Dakota,,,,
66fd159168a6d76dd74156db,Black Sigatoka,Banana,,Kharif,"Use disease-free planting material, apply fungicides",Honduras,,Costa Rica,,,,
66fd159168a6d76dd74156dc,Leaf Blight,Maize,,Kharif,"Rotate crops, use resistant varieties",,,Maharashtra,,,Karnataka,
66fd159168a6d76dd74156dd,Cercospora Leaf Spot,Soybean,,Kharif,"Rotate crops, avoid overhead watering",,,Indiana,,,Illinois,
66fd159168a6d76dd74156de,Alternaria Leaf Spot,Brassicas,,Kharif,"Improve air circulation, use fungicides",Michigan,,New York,,,,
66fd159168a6d76dd74156df,Bacterial Wilt,Tomato,,All Year,"Use resistant varieties, avoid wounding plants",,,Arizona,,,California,
66fd159168a6d76dd74156e0,Downy Mildew,Cucumbers,,Kharif,"Apply fungicides, improve drainage",,,Texas,,,Florida,
66fd159168a6d76dd74156e1,Crown Gall,Various Fruits,,All Year,"Avoid wounding roots, use disease-free planting materials",New York,,California,,,,
66fd159168a6d76dd74156e2,Aphid Infestation,Various Vegetables,,Spring,"Use insecticidal soap, introduce ladybugs",,,Texas,,,California,
66fd159168a6d76dd74156e3,Cabbage Loopers,Cabbage,Kale,Kharif,"Use floating row covers, introduce natural predators",Michigan,,North Carolina,,,,
66fd159168a6d76dd74156e4,Black Rot,Brassicas,,Kharif,"Crop rotation, use resistant varieties",,,Virginia,,,Maryland,
66fd159168a6d76dd74156e5,Bacterial Blight,Beans,,Rabi,"Avoid overhead watering, rotate crops",,,Ohio,,,Illinois,
66fd159168a6d76dd74156e6,Corn Earworm,Corn,,Summer,"Use insecticides, trap crops",,,Nebraska,,,Iowa,
66fd159168a6d76dd74156e7,Downy Mildew,Grapes,,Summer,"Ensure good air circulation, apply fungicides",,,Oregon,,,Washington,
66fd159168a6d76dd74156e8,Early Blight,Tomato,,Kharif,"Use resistant varieties, apply fungicides",,,New York,,,Florida,
66fd159168a6d76dd74156e9,Fire Ant Infestation,Various Crops,,All Year,"Use bait, introduce natural predators",,,Louisiana,,,Texas,
66fd159168a6d76dd74156ea,Gummy Stem Blight,Cucumbers,,Kharif,"Improve drainage, crop rotation",,,California,,,Florida,
66fd159168a6d76dd74156eb,Heliothis (Cotton Bollworm),Cotton,,Summer,"Use pheromone traps, apply insecticides",,,Alabama,,,Georgia,
66fd159168a6d76dd74156ec,Leaf Spot,Various Fruits,,Kharif,"Improve air circulation, use fungicides",,,Florida,,,California,
66fd159168a6d76dd74156ed,Melon Worm,Melons,,Summer,"Use row covers, insecticides",,,California,,,Texas,
66fd159168a6d76dd74156ee,Mosaic Virus,Various Vegetables,,All Year,"Use resistant varieties, eliminate infected plants",,,Arizona,,,Florida,
66fd159168a6d76dd74156ef,Neem Oil,Various Crops,,All Year,Use neem oil as a natural pesticide,,,Thailand,,,India,
66fd159168a6d76dd74156f0,Nematode Infection,Carrots,,All Year,"Crop rotation, use resistant varieties",,,Florida,,,California,
66fd159168a6d76dd74156f1,Oregano Leaf Spot,Oregano,,Summer,"Use fungicides, improve air circulation",,,Massachusetts,,,New York,
66fd159168a6d76dd74156f2,Peanut Root Rot,Peanuts,,Kharif,"Rotate crops, improve drainage",,,Alabama,,,Georgia,
66fd159168a6d76dd74156f3,Phytophthora Root Rot,Potatoes,,Kharif,"Use resistant varieties, improve drainage",,,Wisconsin,,,Idaho,
66fd159168a6d76dd74156f4,Powdery Mildew,Squash,,Summer,"Avoid overhead watering, use fungicides",,,New York,,,California,
66fd159168a6d76dd74156f5,Rust Disease,Wheat,,Rabi,"Use resistant varieties, crop rotation",,,South Dakota,,,North Dakota,
66fd159168a6d76dd74156f6,Scab Disease,Apples,,Spring,"Prune trees, apply fungicides",,,Oregon,,,Washington,
66fd159168a6d76dd74156f7,Septoria Leaf Spot,Tomato,,Kharif,"Use resistant varieties, improve air circulation",,,Florida,,,Texas,
66fd159168a6d76dd74156f8,Southern Blight,Various Crops,,Kharif,"Improve drainage, crop rotation",,,Illinois,,,California,
66fd159168a6d76dd74156f9,Soybean Cyst Nematode,Soybean,,All Year,"Rotate crops, use resistant varieties",,,Indiana,,,Illinois,
66fd159168a6d76dd74156fa,Stem Rot,Cotton,,Summer,"Improve drainage, avoid overwatering",,,Mississippi,,,Arkansas,
66fd159168a6d76dd74156fb,Strawberry Leaf Spot,Strawberry,,Summer,"Crop rotation, apply fungicides",,,Florida,,,California,
66fd159168a6d76dd74156fc,Sunflower Rust,Sunflower,,Summer,"Use resistant varieties, improve air circulation",,,South Dakota,,,North Dakota,
66fd159168a6d76dd74156fd,Tomato Hornworm,Tomato,,Summer,"Use insecticides, introduce natural predators",,,Georgia,,,Florida,
66fd159168a6d76dd74156fe,Verticillium Wilt,Various Vegetables,,All Year,"Use resistant varieties, rotate crops",,,Arizona,,,California,
66fd159168a6d76dd74156ff,Wheat Scab,Wheat,,Rabi,"Use resistant varieties, improve air circulation",,,Nebraska,,,Kansas,
66fd159168a6d76dd7415700,Whiteflies,Various Vegetables,,Summer,"Use insecticidal soap, introduce natural predators",,,California,,,Texas,
66fd159168a6d76dd7415701,Yellow Vine Disease,Cucumbers,,Summer,"Use disease-free seeds, avoid planting in infected areas",,,Georgia,,,Florida,
66fd159168a6d76dd7415702,Bean Yellow Mosaic Virus,Beans,,Kharif,"Use resistant varieties, eliminate infected plants",,,New York,,,Michigan,
66fd159168a6d76dd7415703,Root Rot,Onions,,Kharif,"Use well-drained soil, apply fungicides",,,California,,,Idaho,
66fd159168a6d76dd7415704,Celery Leaf Spot,Celery,,Kharif,"Use fungicides, improve air circulation",,,Florida,,,North Carolina,
66fd159168a6d76dd7415705,Tomato Pith Necrosis,Tomato,,Summer,"Crop rotation, use resistant varieties",,,Texas,,,Florida,
66fd159168a6d76dd7415706,Zucchini Yellow Mosaic Virus,Zucchini,,Kharif,"Use disease-free seeds, avoid overhead watering",,,Florida,,,California,
66fd159168a6d76dd7415707,Stem Canker,Potatoes,,Kharif,"Use resistant varieties, rotate crops",,,Oregon,,,Idaho,
66fd159168a6d76dd7415708,Blackleg Disease,Potatoes,,Kharif,"Use disease-free seed tubers, improve soil drainage",,,North Dakota,,,Idaho,
66fd159168a6d76dd7415709,Corn Rust,Corn,,Rabi,"Use resistant varieties, crop rotation",,,Iowa,,,Illinois,
66fd159168a6d76dd741570a,Sooty Mold,Various Fruits,,Summer,"Improve air circulation, avoid overhead watering",,,Florida,,,California,
66fd159168a6d76dd741570b,Leaf Curl,Tomato,,Kharif,"Use resistant varieties, avoid excess humidity",,,New York,,,Florida,
66fd159168a6d76dd741570c,Southern Corn Leaf Blight,Corn,,Summer,"Use resistant varieties, crop rotation",,,Georgia,,,Alabama,
66fd159168a6d76dd741570d,Fruit Rot,Peppers,,Summer,"Improve drainage, avoid overhead watering",,,California,,,Florida,
66fd159168a6d76dd741570e,Black Mold,Grapes,,Summer,"Crop rotation, use resistant varieties",,,Oregon,,,Washington,
66fd159168a6d76dd741570f,Citrus Canker,Citrus Fruits,,All Year,"Use disease-free seedlings, apply copper fungicides",,,California,,,Florida,
66fd159168a6d76dd7415710,Crown Root Rot,Various Vegetables,,Kharif,"Improve soil drainage, crop rotation",,,Louisiana,,,Texas,
66fd159168a6d76dd7415711,Chocolate Spot,Beans,,Kharif,"Use resistant varieties, crop rotation",,,Idaho,,,Oregon,
66fd159168a6d76dd7415712,Sclerotinia Blight,Lettuce,,Kharif,"Improve air circulation, apply fungicides",,,Michigan,,,California,
66fd159168a6d76dd7415713,Sudden Oak Death,Oak,,All Year,"Avoid wounding trees, apply fungicides",,,Oregon,,,California,
66fd159168a6d76dd7415714,Apple Scab,Apple,,Spring,"Prune trees, apply fungicides",,,New York,,,Washington,
66fd159168a6d76dd7415715,Banana Weevil,Banana,,All Year,"Use disease-free planting materials, crop rotation",,,Kerala,,,Maharashtra,
66fd159168a6d76dd7415716,Blackgram Leaf Spot,Blackgram,,Kharif,"Use resistant varieties, avoid overhead watering",,,Telangana,,,Andhra Pradesh,
66fd159168a6d76dd7415717,Chickpea Aphid,Chickpea,,Rabi,"Introduce natural predators, apply insecticides",,,Punjab,,,Rajasthan,
66fd159168a6d76dd7415718,Coconut Scale Insect,Coconut,,All Year,"Use insecticides, maintain healthy tree growth",,,Tamil Nadu,,,Kerala,
66fd159168a6d76dd7415719,Coffee Berry Borer,Coffee,,All Year,"Monitor for signs of infestation, apply insecticides",,,Kerala,,,Karnataka,
66fd159168a6d76dd741571a,Cotton Bollworm,Cotton,,Summer,"Use pheromone traps, apply insecticides",,,Andhra Pradesh,,,Gujarat,
66fd159168a6d76dd741571b,Grape Downy Mildew,Grapes,,Summer,"Improve air circulation, apply fungicides",,,Oregon,,,California,
66fd159168a6d76dd741571c,Jute Yellow Mosiac Virus,Jute,,Kharif,"Use disease-free seeds, crop rotation",,,Assam,,,West Bengal,
66fd159168a6d76dd741571d,Kidney Bean Rust,Kidney Beans,,Rabi,"Use resistant varieties, crop rotation",,,Haryana,,,Uttar Pradesh,
66fd159168a6d76dd741571e,Lentil Blight,Lentil,,Rabi,"Rotate crops, apply fungicides",,,Punjab,,,Madhya Pradesh,
66fd159168a6d76dd741571f,Maize Stem Borer,Maize,,Summer,"Use resistant hybrids, apply insecticides",,,Bihar,,,Karnataka,
66fd159168a6d76dd7415720,Mungbean Yellow Mosaic Virus,Mung Bean,,Kharif,"Use resistant varieties, eliminate infected plants",,,Gujarat,,,Maharashtra,
66fd159168a6d76dd7415721,Mango Hoppers,Mango,,Summer,"Use insecticides, introduce natural predators",,,Karnataka,,,Andhra Pradesh,
66fd159168a6d76dd7415722,Moth Bean Yellow Mosaic Virus,Moth Beans,,Kharif,"Use resistant varieties, crop rotation",,,Haryana,,,Rajasthan,
66fd159168a6d76dd7415723,Muskmelon Cucumber Beetle,Muskmelon,,Summer,"Use row covers, apply insecticides",,,Florida,,,California,
66fd159168a6d76dd7415724,Orange Rust,Orange,,Summer,"Use resistant varieties, improve air circulation",,,California,,,Florida,
66fd159168a6d76dd7415725,Papaya Ringspot Virus,Papaya,,All Year,"Use disease-free seedlings, eliminate infected plants",,,Florida,,,Hawaii,
66fd159168a6d76dd7415726,Rice Blast,Rice,,Kharif,"Use resistant varieties, apply fungicides",,,Punjab,,,West Bengal,
66fd159168a6d76dd7415727,Pigeon Pea Wilt,Pigeon Peas,,Kharif,"Rotate crops, apply fungicides",,,Karnataka,,,Maharashtra,
66fd159168a6d76dd7415728,Pomegranate Fruit Borer,Pomegranate,,Summer,"Use traps, apply insecticides",,,Rajasthan,,,Gujarat,
66fd159168a6d76dd7415729,Watermelon Mosaic Virus,Watermelon,,Kharif,"Use resistant varieties, eliminate infected plants",,,Texas,,,California,
66fd159168a6d76dd741572a,Apple Fire Blight,Apple,,Spring,"Prune infected branches, apply fungicides",,,New York,,,Oregon,
66fd159168a6d76dd741572b,Banana Panama Disease,Banana,,All Year,"Use disease-free planting materials, crop rotation",,,Tamil Nadu,,,Kerala,
66fd159168a6d76dd741572c,Blackgram Stem Fly,Blackgram,,Kharif,"Use sticky traps, apply insecticides",,,Andhra Pradesh,,,Telangana,
66fd159168a6d76dd741572d,Chickpea Cyst Nematode,Chickpea,,Rabi,"Crop rotation, use resistant varieties",,,Madhya Pradesh,,,Rajasthan,
66fd159168a6d76dd741572e,Coconut Root Wilt,Coconut,,All Year,"Improve soil drainage, use resistant varieties",,,Tamil Nadu,,,Kerala,
66fd159168a6d76dd741572f,Coffee Leaf Rust,Coffee,,All Year,"Apply fungicides, improve air circulation",,,Kerala,,,Karnataka,
66fd159168a6d76dd7415730,Cotton Leaf Curl,Cotton,,Summer,"Use resistant varieties, improve air circulation",,,Andhra Pradesh,,,Gujarat,
66fd159168a6d76dd7415731,Grape Phomopsis,Grapes,,Summer,"Use resistant varieties, apply fungicides",,,Oregon,,,California,
66fd159168a6d76dd7415732,Jute Blight,Jute,,Kharif,"Crop rotation, use resistant varieties",,,Assam,,,West Bengal,
66fd159168a6d76dd7415733,Kidney Bean Mosaic Virus,Kidney Beans,,Rabi,"Use resistant varieties, eliminate infected plants",,,Haryana,,,Uttar Pradesh,
66fd159168a6d76dd7415734,Lentil Root Rot,Lentil,,Rabi,"Use well-drained soil, apply fungicides",,,Punjab,,,Madhya Pradesh,
66fd159168a6d76dd7415735,Maize Earworm,Maize,,Summer,"Use pheromone traps, apply insecticides",,,Bihar,,,Karnataka,
66fd159168a6d76dd7415736,Mung Bean Stem Borer,Mung Bean,,Kharif,"Use resistant varieties, apply insecticides",,,Gujarat,,,Maharashtra,
66fd159168a6d76dd7415737,Mango Anthracnose,Mango,,Summer,"Use resistant varieties, apply fungicides",,,Karnataka,,,Andhra Pradesh,
66fd159168a6d76dd7415738,Moth Bean Blight,Moth Beans,,Kharif,"Use resistant varieties, apply fungicides",,,Haryana,,,Rajasthan,
66fd159168a6d76dd7415739,Muskmelon Downy Mildew,Muskmelon,,Summer,"Improve air circulation, apply fungicides",,,Florida,,,California,
66fd159168a6d76dd741573a,Orange Fruit Fly,Orange,,Summer,"Use traps, apply insecticides",,,California,,,Florida,
66fd159168a6d76dd741573b,Papaya Powdery Mildew,Papaya,,All Year,"Improve air circulation, apply fungicides",,,Florida,,,Hawaii,
66fd159168a6d76dd741573c,Rice Sheath Blight,Rice,,Kharif,"Use resistant varieties, apply fungicides",,,Punjab,,,West Bengal,
66fd159168a6d76dd741573d,Pigeon Pea Moth,Pigeon Peas,,Kharif,"Use resistant varieties, apply insecticides",,,Karnataka,,,Maharashtra,
66fd159168a6d76dd741573e,Pomegranate Scab,Pomegranate,,Summer,"Crop rotation, apply fungicides",,,Rajasthan,,,Gujarat,
66fd159168a6d76dd741573f,Watermelon Fruit Fly,Watermelon,,Kharif,"Use traps, apply insecticides",,,Texas,,,California,
66fd159168a6d76dd7415740,Apple Scab,Apple,,Spring,"Prune trees, apply fungicides",,,New York,,,Washington,
66fd159168a6d76dd7415741,Banana Black Sigatoka,Banana,,All Year,"Use disease-resistant varieties, avoid over-watering",,,Maharashtra,,,Kerala,
66fd159168a6d76dd7415742,Blackgram Pod Fly,Blackgram,,Kharif,"Use sticky traps, apply insecticides",,,Andhra Pradesh,,,Telangana,
66fd159168a6d76dd7415743,Chickpea Beetle,Chickpea,,Rabi,"Apply insecticides, introduce natural predators",,,Madhya Pradesh,,,Rajasthan,
66fd159168a6d76dd7415744,Coconut Leaf Beetle,Coconut,,All Year,"Use insecticides, maintain healthy tree growth",,,Tamil Nadu,,,Kerala,
66fd159168a6d76dd7415745,Coffee Leaf Spot,Coffee,,All Year,"Apply fungicides, improve air circulation",,,Kerala,,,Karnataka,
66fd159168a6d76dd7415746,Cotton Root Rot,Cotton,,Summer,"Improve soil drainage, apply fungicides",,,Andhra Pradesh,,,Gujarat,
66fd159168a6d76dd7415747,Grape Powdery Mildew,Grapes,,Summer,"Improve air circulation, apply fungicides",,,Oregon,,,California,
66fd159168a6d76dd7415748,Jute Stem Rot,Jute,,Kharif,"Use resistant varieties, crop rotation",,,Assam,,,West Bengal,
66fd159168a6d76dd7415749,Kidney Bean Cyst Nematode,Kidney Beans,,Rabi,"Rotate crops, use resistant varieties",,,Haryana,,,Uttar Pradesh,
66fd159168a6d76dd741574a,Lentil Aphid,Lentil,,Rabi,"Introduce natural predators, apply insecticides",,,Punjab,,,Madhya Pradesh,
66fd159168a6d76dd741574b,Maize Aphid,Maize,,Summer,"Use resistant hybrids, apply insecticides",,,Bihar,,,Karnataka,
66fd159168a6d76dd741574c,Mung Bean Leaf Spot,Mung Bean,,Kharif,"Use resistant varieties, crop rotation",,,Gujarat,,,Maharashtra,
66fd159168a6d76dd741574d,Mango Seed Weevil,Mango,,Summer,"Use insecticides, eliminate infected fruits",,,Karnataka,,,Andhra Pradesh,
66fd159168a6d76dd741574e,Moth Bean Cyst Nematode,Moth Beans,,Kharif,"Crop rotation, use resistant varieties",,,Haryana,,,Rajasthan,
66fd159168a6d76dd741574f,Muskmelon Aphid,Muskmelon,,Summer,"Introduce natural predators, apply insecticides",,,Florida,,,California,
66fd159168a6d76dd7415750,Orange Leaf Spot,Orange,,Summer,"Apply fungicides, improve air circulation",,,California,,,Florida,
66fd159168a6d76dd7415751,Papaya Mosaic Virus,Papaya,,All Year,"Use disease-free seedlings, eliminate infected plants",,,Florida,,,Hawaii,
66fd159168a6d76dd7415752,Rice Brown Spot,Rice,,Kharif,"Rotate crops, use resistant varieties",,,Punjab,,,West Bengal,
66fd159168a6d76dd7415753,Pigeon Pea Leaf Spot,Pigeon Peas,,Kharif,"Use resistant varieties, apply fungicides",,,Karnataka,,,Maharashtra,
66fd159168a6d76dd7415754,Pomegranate Aphid,Pomegranate,,Summer,"Use insecticides, introduce natural predators",,,Rajasthan,,,Gujarat,
66fd159168a6d76dd7415755,Watermelon Gummy Stem Blight,Watermelon,,Kharif,"Use well-drained soil, apply fungicides",,,Texas,,,California,
66fd159168a6d76dd7415756,Apple Fire Blight,Apple,,Spring,"Prune infected branches, apply fungicides",,,New York,,,Oregon,
66fd159168a6d76dd7415757,Banana Leaf Spot,Banana,,All Year,"Use disease-resistant varieties, maintain proper spacing",,,Tamil Nadu,,,Kerala,
66fd159168a6d76dd7415758,Blackgram Mosaic Virus,Blackgram,,Kharif,"Use resistant varieties, crop rotation",,,Telangana,,,Andhra Pradesh,
66fd159168a6d76dd7415759,Chickpea Stem Fly,Chickpea,,Rabi,"Use sticky traps, apply insecticides",,,Punjab,,,Rajasthan,
66fd159168a6d76dd741575a,Coconut Root Rot,Coconut,,All Year,"Use disease-free seedlings, maintain good drainage",,,Tamil Nadu,,,Kerala,
66fd159168a6d76dd741575b,Coffee White Stem Borer,Coffee,,All Year,"Monitor for signs of infestation, apply insecticides",,,Kerala,,,Karnataka,
66fd159168a6d76dd741575c,Cotton Aphid,Cotton,,Summer,"Introduce natural predators, apply insecticides",,,Andhra Pradesh,,,Gujarat,
66fd159168a6d76dd741575d,Grape Powdery Mildew,Grapes,,Summer,"Improve air circulation, apply fungicides",,,Oregon,,,California,
66fd159168a6d76dd741575e,Jute Mite,Jute,,Kharif,"Use resistant varieties, crop rotation",,,Assam,,,West Bengal,
66fd159168a6d76dd741575f,Kidney Bean Cyst Nematode,Kidney Beans,,Rabi,"Rotate crops, use resistant varieties",,,Haryana,,,Uttar Pradesh,
66fd159168a6d76dd7415760,Lentil Leaf Spot,Lentil,,Rabi,"Apply fungicides, use resistant varieties",,,Punjab,,,Madhya Pradesh,
66fd159168a6d76dd7415761,Maize Rust,Maize,,Summer,"Use resistant hybrids, apply fungicides",,,Bihar,,,Karnataka,
66fd159168a6d76dd7415762,Mung Bean Cyst Nematode,Mung Bean,,Kharif,"Rotate crops, use resistant varieties",,,Gujarat,,,Maharashtra,
66fd159168a6d76dd7415763,Mango Scale Insect,Mango,,Summer,"Apply insecticides, maintain tree health",,,Karnataka,,,Andhra Pradesh,
66fd159168a6d76dd7415764,Moth Bean Stem Fly,Moth Beans,,Kharif,"Use sticky traps, apply insecticides",,,Haryana,,,Rajasthan,
66fd159168a6d76dd7415765,Muskmelon Blight,Muskmelon,,Summer,"Use well-drained soil, apply fungicides",,,Florida,,,California,
66fd159168a6d76dd7415766,Orange Greening Disease,Orange,,All Year,"Use disease-free seedlings, monitor for signs",,,California,,,Florida,
66fd159168a6d76dd7415767,Papaya Leaf Curl,Papaya,,All Year,"Use resistant varieties, apply insecticides",,,Florida,,,Hawaii,
66fd159168a6d76dd7415768,Rice Leaf Folder,Rice,,Kharif,"Use pheromone traps, apply insecticides",,,Punjab,,,West Bengal,
66fd159168a6d76dd7415769,Pigeon Pea Aphid,Pigeon Peas,,Kharif,"Introduce natural predators, apply insecticides",,,Karnataka,,,Maharashtra,
66fd159168a6d76dd741576a,Pomegranate Leaf Spot,Pomegranate,,Summer,"Use fungicides, crop rotation",,,Rajasthan,,,Gujarat,
66fd159168a6d76dd741576b,Watermelon Wilt,Watermelon,,Kharif,"Use well-drained soil, crop rotation",,,Texas,,,California,
66fd159168a6d76dd741576c,Apple Rust,Apple,,Spring,"Use resistant varieties, apply fungicides",,,New York,,,Washington,
66fd159168a6d76dd741576d,Banana Heart Rot,Banana,,All Year,"Use disease-free planting materials, maintain spacing",,,Maharashtra,,,Kerala,
66fd159168a6d76dd741576e,Blackgram Damping Off,Blackgram,,Kharif,"Use well-drained soil, avoid overcrowding",,,Telangana,,,Andhra Pradesh,
66fd159168a6d76dd741576f,Chickpea Fungal Blight,Chickpea,,Rabi,"Crop rotation, use resistant varieties",,,Madhya Pradesh,,,Rajasthan,
66fd159168a6d76dd7415770,Coconut Bud Rot,Coconut,,All Year,"Maintain healthy tree growth, apply fungicides",,,Tamil Nadu,,,Kerala,
66fd159168a6d76dd7415771,Coffee Berry Blight,Coffee,,All Year,"Improve air circulation, apply fungicides",,,Kerala,,,Karnataka,
66fd159168a6d76dd7415772,Cotton Pink Bollworm,Cotton,,Summer,"Use pheromone traps, apply insecticides",,,Andhra Pradesh,,,Gujarat,
66fd159168a6d76dd7415773,Grape Leaf Blight,Grapes,,Summer,"Crop rotation, use resistant varieties",,,Oregon,,,California,
66fd159168a6d76dd7415774,Jute Stalk Borer,Jute,,Kharif,"Use resistant varieties, crop rotation",,,Assam,,,West Bengal,
66fd159168a6d76dd7415775,Kidney Bean Aphid,Kidney Beans,,Rabi,"Use sticky traps, apply insecticides",,,Haryana,,,Uttar Pradesh,
66fd159168a6d76dd7415776,Lentil Aphid,Lentil,,Rabi,"Introduce natural predators, apply insecticides",,,Punjab,,,Madhya Pradesh,
66fd159168a6d76dd7415777,Maize Leaf Spot,Maize,,Summer,"Use resistant hybrids, apply fungicides",,,Bihar,,,Karnataka,
66fd159168a6d76dd7415778,Mung Bean Mite,Mung Bean,,Kharif,"Use resistant varieties, apply insecticides",,,Gujarat,,,Maharashtra,
66fd159168a6d76dd7415779,Mango Midge,Mango,,Summer,"Use insecticides, maintain tree health",,,Karnataka,,,Andhra Pradesh,
66fd159168a6d76dd741577a,Moth Bean Aphid,Moth Beans,,Kharif,"Use natural predators, apply insecticides",,,Haryana,,,Rajasthan,
66fd159168a6d76dd741577b,Muskmelon Cucumber Beetle,Muskmelon,,Summer,"Use row covers, apply insecticides",,,Florida,,,California,
66fd159168a6d76dd741577c,Orange Scab,Orange,,Summer,"Crop rotation, apply fungicides",,,California,,,Florida,
66fd159168a6d76dd741577d,Papaya Root Knot Nematode,Papaya,,All Year,"Use disease-free seedlings, maintain healthy soil",,,Florida,,,Hawaii,
66fd159168a6d76dd741577e,Rice Stem Blight,Rice,,Kharif,"Use resistant varieties, apply fungicides",,,Punjab,,,West Bengal,
66fd159168a6d76dd741577f,Pigeon Pea Cyst Nematode,Pigeon Peas,,Kharif,"Rotate crops, use resistant varieties",,,Karnataka,,,Maharashtra,
66fd159168a6d76dd7415780,Pomegranate Root Rot,Pomegranate,,Summer,"Improve soil drainage, apply fungicides",,,Rajasthan,,,Gujarat,
66fd159168a6d76dd7415781,Watermelon Downy Mildew,Watermelon,,Kharif,"Improve air circulation, apply fungicides",,,Texas,,,California,
66fd159168a6d76dd7415782,Apple Scald,Apple,,Spring,"Monitor temperature, apply fungicides",,,New York,,,Oregon,
66fd159168a6d76dd7415783,Banana Cucumber Beetle,Banana,,All Year,"Use row covers, apply insecticides",,,Tamil Nadu,,,Kerala,
